###Input_File	Marker	keep_Audio	Start_formatiert	Ende_formatiert	Start_(sek.)	Ende_(sek.)	Länge_(sek.)	Beschreibung	Ort	Lokation	DateTime	AddToStart	1.0
IMG_3427.jpg		no	0:00	0:05	0.000	5.000	5.000	Hahntennjoch	Boden		14.6.09 (So) 5:19		
IMG_3428.jpg		no	0:05	0:10	5.000	10.000	5.000	Hahntennjoch	Boden		14.6.09 (So) 5:38		
IMG_3429.jpg		no	0:10	0:15	10.000	15.000	5.000	Hahntennjoch	Boden		14.6.09 (So) 5:38		
IMG_3430.jpg		no	0:15	0:20	15.000	20.000	5.000	Hahntennjoch	Boden		14.6.09 (So) 5:38		
IMG_3433.jpg		no	0:20	0:25	20.000	25.000	5.000	Hahntennjoch	Boden		14.6.09 (So) 5:40		
IMG_3434.jpg		no	0:25	0:30	25.000	30.000	5.000	Hahntennjoch	Boden		14.6.09 (So) 5:41		
IMG_3437.jpg		no	0:30	0:35	30.000	35.000	5.000	Hahntennjoch	Boden		14.6.09 (So) 5:42		
IMG_3439.jpg		no	0:35	0:40	35.000	40.000	5.000	Hahntennjoch	Boden		14.6.09 (So) 5:42		
IMG_3440.jpg		no	0:40	0:45	40.000	45.000	5.000	Hahntennjoch	Boden		14.6.09 (So) 5:43		
IMG_3443.jpg		no	0:45	0:50	45.000	50.000	5.000	Hahntennjoch	Boden		14.6.09 (So) 5:44		
IMG_3444.jpg		no	0:50	0:55	50.000	55.000	5.000	Hahntennjoch	Boden		14.6.09 (So) 5:44		
IMG_3445.jpg		no	0:55	1:00	55.000	60.000	5.000	Hahntennjoch	Boden		14.6.09 (So) 5:45		
IMG_3446.jpg		no	1:00	1:05	60.000	65.000	5.000	Hahntennjoch	Boden		14.6.09 (So) 5:46		
IMG_3447.jpg		no	1:05	1:10	65.000	70.000	5.000	Hahntennjoch	Boden		14.6.09 (So) 5:47		
IMG_3448.jpg		no	1:10	1:15	70.000	75.000	5.000	Hahntennjoch	Boden		14.6.09 (So) 5:47		
IMG_3451.jpg		no	1:15	1:20	75.000	80.000	5.000	Hahntennjoch	Boden		14.6.09 (So) 5:47		
IMG_3453.jpg		no	1:20	1:25	80.000	85.000	5.000	Hahntennjoch	Boden		14.6.09 (So) 5:49		
IMG_3454.jpg		no	1:25	1:30	85.000	90.000	5.000	Hahntennjoch	Boden		14.6.09 (So) 5:50		
IMG_3457.jpg		no	1:30	1:35	90.000	95.000	5.000	Hahntennjoch	Boden		14.6.09 (So) 5:52		
IMG_3458.jpg		no	1:35	1:40	95.000	100.000	5.000	Hahntennjoch	Boden		14.6.09 (So) 5:54		
IMG_3459.jpg		no	1:40	1:45	100.000	105.000	5.000	Hahntennjoch	Boden		14.6.09 (So) 5:55		
IMG_3460.jpg		no	1:45	1:50	105.000	110.000	5.000	Hahntennjoch	Boden		14.6.09 (So) 5:55		
IMG_3462.jpg		no	1:50	1:55	110.000	115.000	5.000	Hahntennjoch	Boden		14.6.09 (So) 6:00		
IMG_3463.jpg		no	1:55	2:00	115.000	120.000	5.000	Hahntennjoch	Boden		14.6.09 (So) 6:01		
IMG_3464.jpg		no	2:00	2:05	120.000	125.000	5.000	Hahntennjoch	Boden		14.6.09 (So) 6:05		
IMG_3466.jpg		no	2:05	2:10	125.000	130.000	5.000	Hahntennjoch	Boden		14.6.09 (So) 6:05		
IMG_3468.jpg		no	2:10	2:15	130.000	135.000	5.000	Hahntennjoch	Boden		14.6.09 (So) 6:06		
IMG_3471.jpg		no	2:15	2:20	135.000	140.000	5.000	Hahntennjoch	Boden		14.6.09 (So) 6:07		
IMG_3478.jpg		no	2:20	2:25	140.000	145.000	5.000	Hahntennjoch	Boden		14.6.09 (So) 6:08		
IMG_3483.jpg		no	2:25	2:30	145.000	150.000	5.000	Hahntennjoch	Boden		14.6.09 (So) 6:09		
IMG_3485.jpg		no	2:30	2:35	150.000	155.000	5.000	Hahntennjoch	Boden		14.6.09 (So) 6:12		
IMG_3486.jpg		no	2:35	2:40	155.000	160.000	5.000	Hahntennjoch	Boden		14.6.09 (So) 6:12		
IMG_3487.jpg		no	2:40	2:45	160.000	165.000	5.000	Hahntennjoch	Boden		14.6.09 (So) 6:14		
IMG_3489.jpg		no	2:45	2:50	165.000	170.000	5.000	Hahntennjoch	Boden		14.6.09 (So) 6:22		
IMG_3490.jpg		no	2:50	2:55	170.000	175.000	5.000	Hahntennjoch	Boden		14.6.09 (So) 6:22		
IMG_3492.jpg		no	2:55	3:00	175.000	180.000	5.000	Hahntennjoch	Boden		14.6.09 (So) 6:23		
IMG_3493.jpg		no	3:00	3:05	180.000	185.000	5.000	Hahntennjoch	Boden		14.6.09 (So) 6:24		
IMG_3498.jpg		no	3:05	3:10	185.000	190.000	5.000	Hahntennjoch	Boden		14.6.09 (So) 7:03		
IMG_3500.jpg		no	3:10	3:15	190.000	195.000	5.000	Hahntennjoch	Boden		14.6.09 (So) 7:13		
IMG_3501.jpg		no	3:15	3:20	195.000	200.000	5.000	Hahntennjoch	Boden		14.6.09 (So) 7:13		
IMG_3504.jpg		no	3:20	3:25	200.000	205.000	5.000	Hahntennjoch	Boden		14.6.09 (So) 7:22		
IMG_3505.jpg		no	3:25	3:30	205.000	210.000	5.000	Hahntennjoch	Boden		14.6.09 (So) 7:23		
IMG_3506.jpg		no	3:30	3:35	210.000	215.000	5.000	Hahntennjoch	Boden		14.6.09 (So) 10:40		
IMG_3508.jpg		no	3:35	3:40	215.000	220.000	5.000	Hahntennjoch	Boden		14.6.09 (So) 10:43		
IMG_3510.jpg		no	3:40	3:45	220.000	225.000	5.000	Hahntennjoch	Boden		14.6.09 (So) 10:48		
IMG_3511.jpg		no	3:45	3:50	225.000	230.000	5.000	Hahntennjoch	Boden		14.6.09 (So) 10:55		
IMG_3514.jpg		no	3:50	3:55	230.000	235.000	5.000	Hahntennjoch	Boden		14.6.09 (So) 11:18		
IMG_3515.jpg		no	3:55	4:00	235.000	240.000	5.000	Hahntennjoch	Boden		14.6.09 (So) 11:21		
IMG_3518.jpg		no	4:00	4:05	240.000	245.000	5.000	Hahntennjoch	Boden		14.6.09 (So) 11:27		
IMG_3521.jpg		no	4:05	4:10	245.000	250.000	5.000	Hahntennjoch	Boden		14.6.09 (So) 11:46		
IMG_3522.jpg		no	4:10	4:15	250.000	255.000	5.000	Hahntennjoch	Boden		14.6.09 (So) 11:46		
IMG_3525.jpg		no	4:15	4:20	255.000	260.000	5.000	Hahntennjoch	Boden		14.6.09 (So) 11:51		
IMG_3527.jpg		no	4:20	4:25	260.000	265.000	5.000	Hahntennjoch	Boden		14.6.09 (So) 11:52		
IMG_3528.jpg		no	4:25	4:30	265.000	270.000	5.000	Hahntennjoch	Bschlabs		14.6.09 (So) 12:04		
IMG_3529.jpg		no	4:30	4:35	270.000	275.000	5.000	Hahntennjoch	Bschlabs		14.6.09 (So) 12:04		
IMG_3531.jpg		no	4:35	4:40	275.000	280.000	5.000	Hahntennjoch	Bschlabs		14.6.09 (So) 12:09		
IMG_3532.jpg		no	4:40	4:45	280.000	285.000	5.000	Hahntennjoch	Bschlabs		14.6.09 (So) 12:10		
IMG_3533.jpg		no	4:45	4:50	285.000	290.000	5.000	Hahntennjoch	Bschlabs		14.6.09 (So) 12:16		
IMG_3534.jpg		no	4:50	4:55	290.000	295.000	5.000	Hahntennjoch	Bschlabs		14.6.09 (So) 12:16		
IMG_3535.jpg		no	4:55	5:00	295.000	300.000	5.000	Hahntennjoch	Bschlabs		14.6.09 (So) 12:16		
IMG_3536.jpg		no	5:00	5:05	300.000	305.000	5.000	Hahntennjoch	Bschlabs		14.6.09 (So) 12:16		
